photos/sensefly/EP-00-00012_0119_0004.JPG,1229,3450,1368,3644,arac
photos/sensefly/EP-00-00012_0119_0004.JPG,1443,3257,1604,3505,arac
photos/sensefly/EP-00-00012_0119_0004.JPG,1545,3178,1699,3403,arac
photos/sensefly/EP-00-00012_0119_0004.JPG,1675,3043,1837,3292,arac
photos/sensefly/EP-00-00012_0119_0004.JPG,195,3107,432,3288,arac
photos/sensefly/EP-00-00012_0119_0004.JPG,380,2945,677,3229,arac
photos/sensefly/EP-00-00012_0119_0004.JPG,380,2712,823,3130,arac
photos/sensefly/EP-00-00012_0119_0004.JPG,894,2633,1446,2807,arac
photos/sensefly/EP-00-00012_0119_0004.JPG,957,2301,1616,2499,arac
photos/sensefly/EP-00-00012_0119_0004.JPG,1395,1974,1679,2135,arac
photos/sensefly/EP-00-00012_0119_0004.JPG,1237,1673,1399,1867,arac
photos/sensefly/EP-00-00012_0119_0004.JPG,1083,1520,1261,1717,arac
photos/sensefly/EP-00-00012_0119_0004.JPG,266,959,444,1156,arac
photos/sensefly/EP-00-00012_0119_0004.JPG,1774,1129,1999,1326,arac
photos/sensefly/EP-00-00012_0119_0004.JPG,2023,1314,2232,1492,arac
photos/sensefly/EP-00-00012_0119_0004.JPG,985,1456,1162,1634,arac
photos/sensefly/EP-00-00012_0119_0004.JPG,898,1369,1087,1583,arac
photos/sensefly/EP-00-00012_0119_0004.JPG,373,1018,527,1180,arac
photos/sensefly/EP-00-00012_0119_0004.JPG,692,1263,874,1464,arac
photos/sensefly/EP-00-00012_0119_0004.JPG,515,1144,696,1354,arac
photos/sensefly/EP-00-00012_0119_0004.JPG,436,1105,606,1283,arac
photos/sensefly/EP-00-00012_0119_0004.JPG,598,1235,752,1413,arac
photos/sensefly/EP-00-00012_0119_0004.JPG,807,1322,977,1500,arac
photos/sensefly/EP-00-00012_0119_0004.JPG,167,0,456,217,arac
photos/sensefly/EP-00-00012_0119_0004.JPG,2027,150,2248,343,arac
photos/sensefly/EP-00-00012_0119_0004.JPG,1837,27,2062,213,arac
photos/sensefly/EP-00-00012_0119_0004.JPG,2035,59,2244,197,arac
photos/sensefly/EP-00-00012_0119_0004.JPG,2066,339,2283,513,arac
photos/sensefly/EP-00-00012_0119_0005.JPG,148,1644,316,1872,arac
photos/sensefly/EP-00-00012_0119_0005.JPG,248,1684,420,1880,arac
photos/sensefly/EP-00-00012_0119_0005.JPG,338,1712,482,1904,arac
photos/sensefly/EP-00-00012_0119_0005.JPG,487,1734,629,1910,arac
photos/sensefly/EP-00-00012_0119_0005.JPG,424,1720,554,1905,arac
photos/sensefly/EP-00-00012_0119_0005.JPG,2957,3311,3185,3452,arac
photos/sensefly/EP-00-00012_0119_0005.JPG,3244,3382,3485,3532,arac
photos/sensefly/EP-00-00012_0119_0005.JPG,2382,2120,2517,2345,arac
photos/sensefly/EP-00-00012_0119_0005.JPG,2548,2188,2782,2322,arac
photos/sensefly/EP-00-00012_0119_0005.JPG,2790,2229,3017,2358,arac
photos/sensefly/EP-00-00012_0119_0005.JPG,2730,2348,2877,2452,arac
photos/sensefly/EP-00-00012_0119_0005.JPG,2881,2372,3114,2514,arac
photos/sensefly/EP-00-00012_0119_0005.JPG,2556,1903,2791,2014,arac
photos/sensefly/EP-00-00012_0119_0005.JPG,2648,2006,2868,2109,arac
photos/sensefly/EP-00-00012_0119_0005.JPG,2733,2125,2937,2218,arac
photos/sensefly/EP-00-00012_0119_0005.JPG,2705,1089,2805,1377,arac
photos/sensefly/EP-00-00012_0119_0005.JPG,2794,1272,2921,1497,arac
photos/sensefly/EP-00-00012_0119_0005.JPG,2961,1505,3117,1737,arac
photos/sensefly/EP-00-00012_0119_0005.JPG,2881,1391,3030,1603,arac
photos/sensefly/EP-00-00012_0119_0005.JPG,3710,1737,3862,1917,arac
photos/sensefly/EP-00-00012_0119_0005.JPG,2041,1086,2238,1227,arac
photos/sensefly/EP-00-00012_0119_0005.JPG,1887,653,2075,810,arac
photos/sensefly/EP-00-00012_0119_0005.JPG,1587,1,1813,180,arac
photos/sensefly/EP-00-00012_0119_0010.JPG,2024,872,2216,1104,arac
photos/sensefly/EP-00-00012_0119_0010.JPG,4032,3224,4248,3456,arac
photos/sensefly/EP-00-00012_0119_0010.JPG,4044,3512,4210,3648,arac
photos/sensefly/EP-00-00012_0119_0009.JPG,2248,2892,2496,3132,arac
photos/sensefly/EP-00-00012_0119_0009.JPG,2710,3070,2958,3310,arac
photos/sensefly/EP-00-00012_0119_0009.JPG,2396,3256,2608,3456,arac
photos/sensefly/EP-00-00012_0119_0009.JPG,2320,3444,2524,3648,arac
photos/sensefly/EP-00-00012_0119_0002.JPG,910,276,1107,414,arac
photos/sensefly/EP-00-00012_0119_0002.JPG,1853,197,2039,371,arac
photos/sensefly/EP-00-00012_0119_0002.JPG,1873,351,2070,461,arac
photos/sensefly/EP-00-00012_0119_0002.JPG,1924,457,2110,576,arac
photos/sensefly/EP-00-00012_0119_0002.JPG,1952,856,2126,971,arac
photos/sensefly/EP-00-00012_0119_0002.JPG,2619,1362,2816,1468,arac
photos/sensefly/EP-00-00012_0119_0002.JPG,2508,1512,2816,1646,arac
photos/sensefly/EP-00-00012_0119_0002.JPG,2587,1630,2789,1733,arac
photos/sensefly/EP-00-00012_0119_0002.JPG,1995,1464,2204,1595,arac
photos/sensefly/EP-00-00012_0119_0002.JPG,2118,2609,2236,2822,arac
photos/sensefly/EP-00-00012_0119_0002.JPG,2453,2585,2694,2688,arac
photos/sensefly/EP-00-00012_0119_0002.JPG,2473,2459,2706,2570,arac
photos/sensefly/EP-00-00012_0119_0002.JPG,2508,2337,2698,2439,arac
photos/sensefly/EP-00-00012_0119_0002.JPG,2520,2234,2726,2337,arac
photos/sensefly/EP-00-00012_0119_0005.JPG,152,1650,313,1863,arac
photos/sensefly/EP-00-00012_0119_0005.JPG,491,1737,633,1910,arac
photos/sensefly/EP-00-00012_0119_0006.JPG,1076,3348,1292,3588,arac
photos/sensefly/EP-00-00012_0119_0006.JPG,1440,3244,1708,3452,arac
photos/sensefly/EP-00-00012_0119_0006.JPG,2004,2552,2236,2868,arac
photos/sensefly/EP-00-00012_0119_0006.JPG,2008,3140,2228,3360,arac
photos/sensefly/EP-00-00012_0119_0006.JPG,1468,3408,1700,3576,arac
photos/sensefly/EP-00-00012_0119_0006.JPG,1496,2084,1704,2308,arac
photos/sensefly/EP-00-00012_0119_0006.JPG,1460,3556,1688,3640,arac
photos/sensefly/EP-00-00012_0119_0006.JPG,2004,2960,2244,3168,arac
photos/sensefly/EP-00-00012_0119_0006.JPG,1996,2804,2216,3008,arac
photos/sensefly/EP-00-00012_0119_0006.JPG,1652,1576,1816,1784,arac
photos/sensefly/EP-00-00012_0119_0006.JPG,1884,612,2004,948,arac
photos/sensefly/EP-00-00012_0119_0006.JPG,2016,1,2155,276,arac
photos/sensefly/EP-00-00012_0119_0007.JPG,316,1016,512,1156,arac
photos/sensefly/EP-00-00012_0119_0007.JPG,1268,1,1470,140,arac
photos/sensefly/EP-00-00012_0119_0007.JPG,828,284,1016,416,arac
photos/sensefly/EP-00-00012_0119_0007.JPG,1784,424,1992,616,arac
photos/sensefly/EP-00-00012_0119_0007.JPG,1972,920,2140,1072,arac
photos/sensefly/EP-00-00012_0119_0007.JPG,2120,1116,2248,1268,arac
photos/sensefly/EP-00-00012_0119_0007.JPG,2644,920,2752,1144,arac
photos/sensefly/EP-00-00012_0119_0007.JPG,2600,464,2712,672,arac
photos/sensefly/EP-00-00012_0119_0007.JPG,3056,2056,3208,2308,arac
photos/sensefly/EP-00-00012_0119_0007.JPG,3096,2376,3268,2736,arac
photos/sensefly/EP-00-00012_0119_0007.JPG,3032,3128,3228,3504,arac
photos/sensefly/EP-00-00012_0119_0007.JPG,2384,708,2492,916,arac
photos/sensefly/EP-00-00012_0119_0007.JPG,516,388,828,656,arac
photos/sensefly/EP-00-00012_0119_0007.JPG,2036,750,2141,867,arac
photos/sensefly/EP-00-00012_0119_0008.JPG,1,2240,200,2528,arac
photos/sensefly/EP-00-00012_0119_0008.JPG,184,2028,368,2224,arac
photos/sensefly/EP-00-00012_0119_0008.JPG,604,1540,820,1780,arac
photos/sensefly/EP-00-00012_0119_0008.JPG,776,1380,972,1588,arac
photos/sensefly/EP-00-00012_0119_0008.JPG,776,1068,1016,1284,arac
photos/sensefly/EP-00-00012_0119_0008.JPG,1136,676,1316,880,arac
photos/sensefly/EP-00-00012_0119_0008.JPG,872,972,1112,1188,arac
photos/sensefly/EP-00-00012_0119_0008.JPG,1092,160,1332,408,arac
photos/sensefly/EP-00-00012_0119_0008.JPG,1204,508,1392,704,arac
photos/sensefly/EP-00-00012_0119_0008.JPG,1536,352,1760,596,arac
photos/sensefly/EP-00-00012_0119_0008.JPG,2952,500,3088,720,arac
photos/sensefly/EP-00-00012_0119_0008.JPG,1356,2004,1576,2252,arac
photos/sensefly/EP-00-00012_0119_0008.JPG,2308,1896,2452,2132,arac
photos/sensefly/EP-00-00012_0119_0008.JPG,2436,2412,2596,2656,arac
photos/sensefly/EP-00-00012_0119_0008.JPG,2124,2228,2264,2484,arac
photos/sensefly/EP-00-00012_0119_0008.JPG,1740,2372,1840,2484,arac
photos/sensefly/EP-00-00012_0119_0008.JPG,1716,2560,1884,2752,arac
photos/sensefly/EP-00-00012_0119_0008.JPG,1928,2756,2048,2960,arac
photos/sensefly/EP-00-00012_0119_0008.JPG,4440,676,5044,1096,arac
photos/sensefly/EP-00-00012_0119_0001.JPG,838,943,988,1160,arac
photos/sensefly/EP-00-00012_0119_0001.JPG,108,2104,274,2345,arac
photos/sensefly/EP-00-00012_0119_0001.JPG,254,2072,398,2281,arac
photos/sensefly/EP-00-00012_0119_0001.JPG,384,2056,517,2270,arac
photos/sensefly/EP-00-00012_0119_0001.JPG,643,1993,819,2203,arac
photos/sensefly/EP-00-00012_0119_0001.JPG,519,2029,659,2238,arac
photos/sensefly/EP-00-00012_0119_0001.JPG,1281,3288,1423,3632,arac
photos/sensefly/EP-00-00012_0119_0001.JPG,1174,888,1431,990,arac
photos/sensefly/EP-00-00012_0119_0001.JPG,1182,765,1427,880,arac
photos/sensefly/EP-00-00012_0119_0001.JPG,1196,671,1395,758,arac
photos/sensefly/EP-00-00012_0119_0001.JPG,1186,584,1407,667,arac
photos/sensefly/EP-00-00012_0119_0001.JPG,1180,15,1395,122,arac
photos/sensefly/EP-00-00012_0119_0011.JPG,3436,1848,3616,2076,arac
photos/sensefly/EP-00-00012_0119_0011.JPG,3852,2248,4020,2492,arac
photos/sensefly/EP-00-00012_0119_0016.JPG,88,1308,308,1532,arac
photos/sensefly/EP-00-00012_0119_0018.JPG,2520,1,2628,192,arac
photos/sensefly/EP-00-00012_0119_0018.JPG,2828,92,2916,244,arac
photos/sensefly/EP-00-00012_0119_0018.JPG,2700,308,2796,540,arac
photos/sensefly/EP-00-00012_0119_0018.JPG,3300,1,3406,132,arac
photos/sensefly/EP-00-00012_0119_0018.JPG,3428,1,3517,116,arac
photos/sensefly/EP-00-00012_0119_0018.JPG,2980,1,3064,128,arac
photos/sensefly/EP-00-00012_0119_0015.JPG,3196,2676,3320,2940,arac
photos/sensefly/EP-00-00012_0119_0015.JPG,3096,3208,3224,3452,arac
photos/sensefly/EP-00-00012_0119_0015.JPG,3056,3512,3167,3648,arac
photos/sensefly/EP-00-00012_0119_0015.JPG,3652,2392,3876,2548,arac
photos/sensefly/EP-00-00012_0119_0015.JPG,3604,2756,3820,2912,arac
photos/sensefly/EP-00-00012_0119_0015.JPG,3536,3004,3736,3152,arac
photos/sensefly/EP-00-00012_0119_0015.JPG,3464,3384,3708,3528,arac
photos/sensefly/EP-00-00012_0119_0015.JPG,3444,3524,3696,3644,arac
photos/sensefly/EP-00-00012_0119_0015.JPG,4144,2516,4384,2672,arac
photos/sensefly/EP-00-00012_0119_0015.JPG,4388,2712,4576,2832,arac
photos/sensefly/EP-00-00012_0119_0015.JPG,4144,2660,4372,2792,arac
photos/sensefly/EP-00-00012_0119_0015.JPG,4140,2776,4380,2892,arac
photos/sensefly/EP-00-00012_0119_0015.JPG,4114,2890,4364,3032,arac
photos/sensefly/EP-00-00012_0119_0015.JPG,4104,3024,4354,3166,arac
photos/sensefly/EP-00-00012_0119_0015.JPG,4070,3266,4320,3408,arac
photos/sensefly/EP-00-00012_0119_0015.JPG,4040,3392,4290,3534,arac
photos/sensefly/EP-00-00012_0119_0015.JPG,4006,3502,4256,3644,arac
photos/sensefly/EP-00-00012_0119_0015.JPG,4376,2944,4626,3086,arac
photos/sensefly/EP-00-00012_0119_0015.JPG,4936,2856,5152,2988,arac
photos/sensefly/EP-00-00012_0119_0015.JPG,4556,2180,4768,2316,arac
photos/sensefly/EP-00-00012_0119_0015.JPG,5340,2352,5472,2480,arac
photos/sensefly/EP-00-00012_0119_0015.JPG,4932,3088,5128,3220,arac
photos/sensefly/EP-00-00012_0119_0015.JPG,4376,3084,4584,3208,arac
photos/sensefly/EP-00-00012_0119_0015.JPG,4344,3196,4568,3328,arac
photos/sensefly/EP-00-00012_0119_0015.JPG,4332,3320,4560,3464,arac
photos/sensefly/EP-00-00012_0119_0015.JPG,4924,3216,5108,3332,arac
photos/sensefly/EP-00-00012_0119_0015.JPG,4892,3332,5084,3440,arac
photos/sensefly/EP-00-00012_0119_0015.JPG,4864,3452,5088,3584,arac
photos/sensefly/EP-00-00012_0119_0015.JPG,4844,3572,5072,3648,arac
photos/sensefly/EP-00-00012_0119_0015.JPG,4308,3440,4540,3580,arac
photos/sensefly/EP-00-00012_0119_0015.JPG,4272,3576,4500,3648,arac
photos/sensefly/EP-00-00012_0119_0019.JPG,68,624,252,848,arac
photos/sensefly/EP-00-00012_0119_0019.JPG,1396,264,1552,468,arac
photos/sensefly/EP-00-00012_0119_0019.JPG,2076,636,2312,776,arac
photos/sensefly/EP-00-00012_0119_0019.JPG,1076,1756,1212,1992,arac
photos/sensefly/EP-00-00012_0119_0019.JPG,1304,2116,1448,2392,arac
photos/sensefly/EP-00-00012_0119_0019.JPG,1432,1856,1540,2032,arac
photos/sensefly/EP-00-00012_0119_0019.JPG,1576,1740,1692,1944,arac
photos/sensefly/EP-00-00012_0119_0019.JPG,1916,1616,2056,1840,arac
photos/sensefly/EP-00-00012_0119_0019.JPG,2040,1592,2172,1812,arac
photos/sensefly/EP-00-00012_0119_0019.JPG,2180,1412,2404,1544,arac
photos/sensefly/EP-00-00012_0119_0019.JPG,2400,1360,2628,1500,arac
photos/sensefly/EP-00-00012_0119_0019.JPG,2980,1264,3160,1384,arac
photos/sensefly/EP-00-00012_0119_0019.JPG,1700,100,1868,316,arac
photos/sensefly/EP-00-00012_0119_0019.JPG,2052,284,2168,396,arac
photos/sensefly/EP-00-00012_0119_0019.JPG,2116,136,2336,252,arac
photos/sensefly/EP-00-00012_0119_0019.JPG,3212,1128,3560,1308,arac
photos/sensefly/EP-00-00012_0119_0019.JPG,3716,744,3936,860,arac
photos/sensefly/EP-00-00012_0119_0019.JPG,4584,512,4780,636,arac
photos/sensefly/EP-00-00012_0119_0019.JPG,4532,328,4732,448,arac
photos/sensefly/EP-00-00012_0119_0014.JPG,4904,296,5036,556,arac
photos/sensefly/EP-00-00012_0119_0014.JPG,5018,1090,5140,1332,arac
photos/sensefly/EP-00-00012_0119_0014.JPG,4984,804,5112,1040,arac
photos/sensefly/EP-00-00012_0119_0014.JPG,5062,1394,5192,1676,arac
photos/sensefly/EP-00-00012_0119_0014.JPG,5084,1724,5228,1948,arac
photos/sensefly/EP-00-00012_0119_0014.JPG,5108,1956,5264,2224,arac
photos/sensefly/EP-00-00012_0119_0014.JPG,5248,3024,5404,3332,arac
photos/sensefly/EP-00-00012_0119_0014.JPG,5304,3408,5472,3636,arac
photos/sensefly/EP-00-00012_0119_0012.JPG,3944,2008,4112,2248,arac
photos/sensefly/EP-00-00012_0119_0017.JPG,212,1364,360,1604,arac
photos/sensefly/EP-00-00012_0119_0017.JPG,120,3328,260,3540,arac
photos/sensefly/EP-00-00012_0119_0017.JPG,264,312,404,540,arac
photos/sensefly/EP-00-00012_0119_0017.JPG,432,260,568,496,arac
photos/sensefly/EP-00-00012_0119_0020.JPG,1248,1588,1432,1800,arac
photos/sensefly/EP-00-00012_0119_0020.JPG,1536,1160,1708,1380,arac
photos/sensefly/EP-00-00012_0119_0020.JPG,1588,1484,1784,1700,arac
photos/sensefly/EP-00-00012_0119_0020.JPG,1864,2148,2140,2268,arac
photos/sensefly/EP-00-00012_0119_0020.JPG,624,3120,760,3376,arac
photos/sensefly/EP-00-00012_0119_0020.JPG,940,3292,1072,3484,arac
photos/sensefly/EP-00-00012_0119_0020.JPG,772,3544,903,3648,arac
photos/sensefly/EP-00-00012_0119_0020.JPG,1128,3200,1232,3420,arac
photos/sensefly/EP-00-00012_0119_0020.JPG,1488,3144,1620,3384,arac
photos/sensefly/EP-00-00012_0119_0020.JPG,1620,3128,1748,3388,arac
photos/sensefly/EP-00-00012_0119_0020.JPG,1816,3004,2036,3124,arac
photos/sensefly/EP-00-00012_0119_0020.JPG,2676,2980,2864,3088,arac
photos/sensefly/EP-00-00012_0119_0020.JPG,3544,2564,3780,2676,arac
photos/sensefly/EP-00-00012_0119_0020.JPG,4520,2488,4716,2588,arac
photos/sensefly/EP-00-00012_0119_0020.JPG,4504,2264,4712,2368,arac
photos/sensefly/EP-00-00012_0119_0020.JPG,1928,1768,2064,1848,arac
photos/sensefly/EP-00-00012_0119_0020.JPG,2044,1596,2232,1720,arac
photos/sensefly/EP-00-00012_0119_0020.JPG,2060,1332,2220,1468,arac
photos/sensefly/EP-00-00012_0119_0020.JPG,1856,1,2052,232,arac
photos/sensefly/EP-00-00012_0119_0020.JPG,984,1,1169,144,arac
photos/sensefly/EP-00-00012_0119_0020.JPG,2916,2924,3304,3072,arac
photos/sensefly/EP-00-00012_0119_0013.JPG,3008,1544,3180,1768,arac
photos/sensefly/EP-00-00012_0119_0013.JPG,3744,3072,3928,3340,arac
photos/sensefly/EP-00-00012_0119_0013.JPG,4364,1108,4540,1316,arac
photos/sensefly/EP-00-00012_0119_0021.JPG,612,92,872,360,arac
photos/sensefly/EP-00-00012_0119_0021.JPG,656,4,912,132,arac
photos/sensefly/EP-00-00012_0119_0021.JPG,2968,1124,3184,1312,arac
photos/sensefly/EP-00-00012_0119_0021.JPG,3236,1416,3472,1644,arac
photos/sensefly/EP-00-00012_0119_0021.JPG,3032,1176,3244,1388,arac
photos/sensefly/EP-00-00012_0119_0021.JPG,3112,1252,3312,1444,arac
photos/sensefly/EP-00-00012_0119_0021.JPG,3168,1352,3396,1556,arac
photos/sensefly/EP-00-00012_0119_0021.JPG,448,2648,640,3040,arac
photos/sensefly/EP-00-00012_0119_0021.JPG,440,3104,604,3396,arac
photos/sensefly/EP-00-00012_0119_0021.JPG,664,1936,832,2300,arac
photos/sensefly/EP-00-00012_0119_0021.JPG,948,1096,1116,1316,arac
photos/sensefly/EP-00-00012_0119_0021.JPG,1112,600,1272,824,arac
photos/sensefly/EP-00-00012_0119_0021.JPG,4632,1408,4824,1616,arac
photos/sensefly/EP-00-00012_0119_0021.JPG,4548,1472,4752,1684,arac
photos/sensefly/EP-00-00012_0119_0021.JPG,4708,1616,4912,1784,arac
photos/sensefly/EP-00-00012_0119_0021.JPG,4732,1880,4884,2068,arac
photos/sensefly/EP-00-00012_0119_0021.JPG,4804,2956,4996,3092,arac
photos/sensefly/EP-00-00012_0119_0021.JPG,5004,2436,5224,2688,arac
photos/sensefly/EP-00-00012_0119_0021.JPG,4972,2760,5188,2908,arac
photos/sensefly/EP-00-00012_0119_0021.JPG,3764,1060,4100,1372,arac
photos/sensefly/EP-00-00012_0119_0021.JPG,5232,2328,5420,2540,arac
photos/sensefly/EP-00-00012_0119_0021.JPG,5080,3104,5296,3292,arac
photos/sensefly/EP-00-00012_0119_0021.JPG,5276,2616,5472,2743,arac
photos/sensefly/EP-00-00012_0119_0021.JPG,5328,2956,5472,3158,arac
photos/sensefly/EP-00-00012_0119_0021.JPG,5324,2260,5472,2487,arac
photos/sensefly/EP-00-00012_0119_0021.JPG,5128,416,5472,769,arac
photos/sensefly/EP-00-00012_0119_0021.JPG,4996,580,5472,1249,arac
photos/sensefly/EP-00-00012_0119_0021.JPG,4880,1712,5084,1940,arac
photos/sensefly/EP-00-00012_0119_0023.JPG,604,1984,820,2208,arac
photos/sensefly/EP-00-00012_0119_0023.JPG,804,2208,1020,2420,arac
photos/sensefly/EP-00-00012_0119_0023.JPG,260,3048,420,3220,arac
photos/sensefly/EP-00-00012_0119_0023.JPG,228,3420,456,3604,arac
photos/sensefly/EP-00-00012_0119_0023.JPG,240,3240,464,3464,arac
photos/sensefly/EP-00-00012_0119_0023.JPG,1540,1800,1736,1960,arac
photos/sensefly/EP-00-00012_0119_0023.JPG,1648,1968,1836,2144,arac
photos/sensefly/EP-00-00012_0119_0023.JPG,2396,2704,2584,2904,arac
photos/sensefly/EP-00-00012_0119_0023.JPG,2324,2636,2476,2816,arac
photos/sensefly/EP-00-00012_0119_0023.JPG,1380,352,1512,580,arac
photos/sensefly/EP-00-00012_0119_0023.JPG,1530,274,1662,502,arac
photos/sensefly/EP-00-00012_0119_0023.JPG,1640,236,1772,464,arac
photos/sensefly/EP-00-00012_0119_0023.JPG,1866,158,2004,368,arac
photos/sensefly/EP-00-00012_0119_0023.JPG,2104,28,2242,238,arac
photos/sensefly/EP-00-00012_0119_0023.JPG,1658,866,2132,1084,arac
photos/sensefly/EP-00-00012_0119_0023.JPG,2276,716,2588,1084,arac
photos/sensefly/EP-00-00012_0119_0023.JPG,2420,660,2676,944,arac
photos/sensefly/EP-00-00012_0119_0023.JPG,2692,664,2836,848,arac
photos/sensefly/EP-00-00012_0119_0023.JPG,1752,2056,1924,2228,arac
photos/sensefly/EP-00-00012_0119_0023.JPG,1808,2148,2016,2340,arac
photos/sensefly/EP-00-00012_0119_0023.JPG,1920,2240,2084,2400,arac
photos/sensefly/EP-00-00012_0119_0023.JPG,2004,2304,2188,2484,arac
photos/sensefly/EP-00-00012_0119_0023.JPG,2124,2360,2288,2540,arac
photos/sensefly/EP-00-00012_0119_0023.JPG,2168,2440,2368,2640,arac
photos/sensefly/EP-00-00012_0119_0023.JPG,2260,2536,2428,2696,arac
photos/sensefly/EP-00-00012_0119_0023.JPG,4132,2872,4524,3240,arac
photos/sensefly/EP-00-00012_0119_0023.JPG,1448,1144,1904,1320,arac
photos/sensefly/EP-00-00012_0119_0028.JPG,2068,2223,2134,2319,yaya
photos/sensefly/EP-00-00012_0119_0028.JPG,372,2119,653,2262,arac
photos/sensefly/EP-00-00012_0119_0028.JPG,222,2412,453,2527,arac
photos/sensefly/EP-00-00012_0119_0028.JPG,142,2535,426,2650,arac
photos/sensefly/EP-00-00012_0119_0028.JPG,68,2654,345,2773,arac
photos/sensefly/EP-00-00012_0119_0028.JPG,26,2796,280,2904,arac
photos/sensefly/EP-00-00012_0119_0028.JPG,1,2925,303,3081,arac
photos/sensefly/EP-00-00012_0119_0028.JPG,903,1523,1157,1665,arac
photos/sensefly/EP-00-00012_0119_0028.JPG,984,1381,1226,1538,arac
photos/sensefly/EP-00-00012_0119_0028.JPG,1569,1747,1803,1873,arac
photos/sensefly/EP-00-00012_0119_0028.JPG,2026,1777,2261,1908,arac
photos/sensefly/EP-00-00012_0119_0028.JPG,2415,1812,2638,1920,arac
photos/sensefly/EP-00-00012_0119_0028.JPG,2742,1500,2988,1650,arac
photos/sensefly/EP-00-00012_0119_0028.JPG,2868,2046,3026,2246,arac
photos/sensefly/EP-00-00012_0119_0028.JPG,3034,2146,3161,2377,arac
photos/sensefly/EP-00-00012_0119_0028.JPG,2592,2223,2722,2446,arac
photos/sensefly/EP-00-00012_0119_0028.JPG,2453,2223,2599,2442,arac
photos/sensefly/EP-00-00012_0119_0028.JPG,1734,2296,1965,2465,arac
photos/sensefly/EP-00-00012_0119_0028.JPG,1730,2423,1972,2581,arac
photos/sensefly/EP-00-00012_0119_0028.JPG,1707,2842,1988,3000,arac
photos/sensefly/EP-00-00012_0119_0028.JPG,1711,2562,1980,2731,arac
photos/sensefly/EP-00-00012_0119_0028.JPG,3422,2646,3542,2823,arac
photos/sensefly/EP-00-00012_0119_0028.JPG,3695,2465,3903,2596,arac
photos/sensefly/EP-00-00012_0119_0028.JPG,3722,2354,3911,2477,arac
photos/sensefly/EP-00-00012_0119_0028.JPG,3745,2250,3949,2381,arac
photos/sensefly/EP-00-00012_0119_0028.JPG,3911,1096,4099,1454,arac
photos/sensefly/EP-00-00012_0119_0028.JPG,3515,58,3615,258,arac
photos/sensefly/EP-00-00012_0119_0030.JPG,153,1654,384,1827,arac
photos/sensefly/EP-00-00012_0119_0030.JPG,476,1692,642,1912,arac
photos/sensefly/EP-00-00012_0119_0030.JPG,592,1681,788,1908,arac
photos/sensefly/EP-00-00012_0119_0030.JPG,753,1665,918,1881,arac
photos/sensefly/EP-00-00012_0119_0030.JPG,1545,1669,1718,1892,arac
photos/sensefly/EP-00-00012_0119_0030.JPG,661,2092,907,2204,arac
photos/sensefly/EP-00-00012_0119_0030.JPG,892,2076,1168,2219,arac
photos/sensefly/EP-00-00012_0119_0030.JPG,1153,2069,1415,2181,arac
photos/sensefly/EP-00-00012_0119_0030.JPG,2192,1669,2338,1869,arac
photos/sensefly/EP-00-00012_0119_0030.JPG,2318,1662,2453,1850,arac
photos/sensefly/EP-00-00012_0119_0030.JPG,2442,1662,2572,1835,arac
photos/sensefly/EP-00-00012_0119_0030.JPG,2538,1672,2695,1865,arac
photos/sensefly/EP-00-00012_0119_0030.JPG,2665,1662,2792,1873,arac
photos/sensefly/EP-00-00012_0119_0030.JPG,2888,1673,3018,1858,arac
photos/sensefly/EP-00-00012_0119_0030.JPG,3007,1658,3149,1850,arac
photos/sensefly/EP-00-00012_0119_0030.JPG,3165,1662,3307,1862,arac
photos/sensefly/EP-00-00012_0119_0030.JPG,3303,1673,3438,1873,arac
photos/sensefly/EP-00-00012_0119_0030.JPG,3572,1654,3703,1873,arac
photos/sensefly/EP-00-00012_0119_0030.JPG,3688,1650,3815,1850,arac
photos/sensefly/EP-00-00012_0119_0030.JPG,3811,1658,3957,1885,arac
photos/sensefly/EP-00-00012_0119_0030.JPG,3945,1681,4045,1842,arac
photos/sensefly/EP-00-00012_0119_0030.JPG,4045,1650,4161,1839,arac
photos/sensefly/EP-00-00012_0119_0030.JPG,4257,1642,4384,1854,arac
photos/sensefly/EP-00-00012_0119_0030.JPG,4461,1650,4603,1850,arac
photos/sensefly/EP-00-00012_0119_0030.JPG,4584,1646,4695,1819,arac
photos/sensefly/EP-00-00012_0119_0030.JPG,4680,1654,4795,1831,arac
photos/sensefly/EP-00-00012_0119_0030.JPG,4780,1665,4903,1835,arac
photos/sensefly/EP-00-00012_0119_0030.JPG,4888,1638,5034,1850,arac
photos/sensefly/EP-00-00012_0119_0030.JPG,5276,2896,5472,3222,arac
photos/sensefly/EP-00-00012_0119_0029.JPG,42,481,292,631,arac
photos/sensefly/EP-00-00012_0119_0029.JPG,265,15,399,262,arac
photos/sensefly/EP-00-00012_0119_0029.JPG,1880,2123,2015,2246,arac
photos/sensefly/EP-00-00012_0119_0029.JPG,1615,2462,1838,2600,arac
photos/sensefly/EP-00-00012_0119_0029.JPG,1642,2577,1853,2704,arac
photos/sensefly/EP-00-00012_0119_0029.JPG,1638,2712,1880,2827,arac
photos/sensefly/EP-00-00012_0119_0029.JPG,2399,2308,2603,2492,arac
photos/sensefly/EP-00-00012_0119_0029.JPG,2595,2196,2788,2358,arac
photos/sensefly/EP-00-00012_0119_0029.JPG,2765,2027,2942,2204,arac
photos/sensefly/EP-00-00012_0119_0029.JPG,2876,1977,3049,2142,arac
photos/sensefly/EP-00-00012_0119_0029.JPG,3207,1854,3361,2042,arac
photos/sensefly/EP-00-00012_0119_0029.JPG,3253,1435,3392,1627,arac
photos/sensefly/EP-00-00012_0119_0029.JPG,3103,1219,3303,1385,arac
photos/sensefly/EP-00-00012_0119_0029.JPG,3353,1538,3465,1708,arac
photos/sensefly/EP-00-00012_0119_0029.JPG,3407,1627,3534,1796,arac
photos/sensefly/EP-00-00012_0119_0029.JPG,3749,2019,3938,2173,arac
photos/sensefly/EP-00-00012_0119_0029.JPG,3415,2204,3595,2358,arac
photos/sensefly/EP-00-00012_0119_0029.JPG,3099,2373,3276,2504,arac
photos/sensefly/EP-00-00012_0119_0029.JPG,4361,1262,4557,1400,arac
photos/sensefly/EP-00-00012_0119_0029.JPG,4361,1012,4511,1131,arac
photos/sensefly/EP-00-00012_0119_0029.JPG,4318,908,4499,1046,arac
photos/sensefly/EP-00-00012_0119_0029.JPG,4318,788,4503,935,arac
photos/sensefly/EP-00-00012_0119_0029.JPG,4307,692,4468,827,arac
photos/sensefly/EP-00-00012_0119_0029.JPG,4245,504,4534,731,arac
photos/sensefly/EP-00-00012_0119_0029.JPG,4204,442,4442,654,arac
photos/sensefly/EP-00-00012_0119_0029.JPG,5045,2685,5149,2877,arac
photos/sensefly/EP-00-00012_0119_0029.JPG,4295,1896,4472,2050,arac
photos/sensefly/EP-00-00012_0119_0029.JPG,4326,2015,4515,2165,arac
photos/sensefly/EP-00-00012_0119_0029.JPG,2949,2788,3180,2950,arac
photos/sensefly/EP-00-00012_0119_0029.JPG,2576,2650,2768,2808,arac
photos/sensefly/EP-00-00012_0119_0029.JPG,2760,2534,2968,2692,arac
photos/sensefly/EP-00-00012_0119_0029.JPG,4099,1,4242,127,arac
photos/sensefly/EP-00-00012_0119_0024.JPG,372,872,480,1080,arac
photos/sensefly/EP-00-00012_0119_0024.JPG,32,1820,164,2012,arac
photos/sensefly/EP-00-00012_0119_0024.JPG,2240,1644,2444,1832,arac
photos/sensefly/EP-00-00012_0119_0024.JPG,2212,1172,2444,1344,arac
photos/sensefly/EP-00-00012_0119_0024.JPG,1504,48,1704,176,arac
photos/sensefly/EP-00-00012_0119_0024.JPG,2092,576,2280,680,arac
photos/sensefly/EP-00-00012_0119_0024.JPG,2160,960,2360,1080,arac
photos/sensefly/EP-00-00012_0119_0024.JPG,3192,1148,3404,1292,arac
photos/sensefly/EP-00-00012_0119_0024.JPG,2204,2280,2312,2544,arac
photos/sensefly/EP-00-00012_0119_0024.JPG,2360,2232,2456,2456,arac
photos/sensefly/EP-00-00012_0119_0024.JPG,2476,2176,2576,2416,arac
photos/sensefly/EP-00-00012_0119_0024.JPG,2718,2110,2828,2332,arac
photos/sensefly/EP-00-00012_0119_0024.JPG,2972,1976,3080,2220,arac
photos/sensefly/EP-00-00012_0119_0024.JPG,3260,1872,3364,2072,arac
photos/sensefly/EP-00-00012_0119_0024.JPG,4168,1444,4292,1692,arac
photos/sensefly/EP-00-00012_0119_0024.JPG,4668,1272,4804,1520,arac
photos/sensefly/EP-00-00012_0119_0024.JPG,4420,1372,4540,1612,arac
photos/sensefly/EP-00-00012_0119_0024.JPG,4288,1400,4400,1648,arac
photos/sensefly/EP-00-00012_0119_0024.JPG,4356,416,4464,652,arac
photos/sensefly/EP-00-00012_0119_0024.JPG,4480,420,4580,620,arac
photos/sensefly/EP-00-00012_0119_0024.JPG,4624,368,4732,596,arac
photos/sensefly/EP-00-00012_0119_0024.JPG,4744,376,4844,588,arac
photos/sensefly/EP-00-00012_0119_0024.JPG,4852,344,4960,580,arac
photos/sensefly/EP-00-00012_0119_0024.JPG,4968,340,5056,548,arac
photos/sensefly/EP-00-00012_0119_0024.JPG,2376,2864,2876,3176,arac
photos/sensefly/EP-00-00012_0119_0024.JPG,1944,3448,2284,3608,arac
photos/sensefly/EP-00-00012_0119_0024.JPG,2148,3156,2648,3420,arac
photos/sensefly/EP-00-00012_0119_0024.JPG,3068,2772,3392,3220,arac
photos/sensefly/EP-00-00012_0119_0024.JPG,3232,2732,3484,3064,arac
photos/sensefly/EP-00-00012_0119_0024.JPG,3500,2732,3692,2968,arac
photos/sensefly/EP-00-00012_0119_0024.JPG,3544,724,3668,992,arac
photos/sensefly/EP-00-00012_0119_0026.JPG,1048,732,1232,1048,arac
photos/sensefly/EP-00-00012_0119_0026.JPG,1260,3184,1508,3336,arac
photos/sensefly/EP-00-00012_0119_0026.JPG,1270,3318,1518,3470,arac
photos/sensefly/EP-00-00012_0119_0026.JPG,1280,3452,1516,3572,arac
photos/sensefly/EP-00-00012_0119_0026.JPG,1300,3572,1512,3648,arac
photos/sensefly/EP-00-00012_0119_0026.JPG,1748,1920,1876,2116,arac
photos/sensefly/EP-00-00012_0119_0026.JPG,1874,1886,1984,2064,arac
photos/sensefly/EP-00-00012_0119_0026.JPG,1984,1848,2094,2026,arac
photos/sensefly/EP-00-00012_0119_0026.JPG,2090,1814,2200,1992,arac
photos/sensefly/EP-00-00012_0119_0026.JPG,2196,1748,2306,1926,arac
photos/sensefly/EP-00-00012_0119_0026.JPG,2410,1674,2520,1852,arac
photos/sensefly/EP-00-00012_0119_0026.JPG,2620,1592,2730,1770,arac
photos/sensefly/EP-00-00012_0119_0026.JPG,2738,1542,2848,1720,arac
photos/sensefly/EP-00-00012_0119_0026.JPG,2844,1480,2954,1658,arac
photos/sensefly/EP-00-00012_0119_0026.JPG,2970,1466,3080,1644,arac
photos/sensefly/EP-00-00012_0119_0026.JPG,3088,1388,3198,1566,arac
photos/sensefly/EP-00-00012_0119_0026.JPG,3334,1294,3444,1472,arac
photos/sensefly/EP-00-00012_0119_0026.JPG,3468,1252,3578,1430,arac
photos/sensefly/EP-00-00012_0119_0026.JPG,3618,1202,3728,1352,arac
photos/sensefly/EP-00-00012_0119_0026.JPG,3744,1152,3854,1302,arac
photos/sensefly/EP-00-00012_0119_0026.JPG,3950,1058,4060,1208,arac
photos/sensefly/EP-00-00012_0119_0026.JPG,4056,1016,4166,1166,arac
photos/sensefly/EP-00-00012_0119_0026.JPG,4174,1010,4284,1136,arac
photos/sensefly/EP-00-00012_0119_0026.JPG,4288,948,4398,1074,arac
photos/sensefly/EP-00-00012_0119_0026.JPG,4394,890,4504,1016,arac
photos/sensefly/EP-00-00012_0119_0026.JPG,5028,280,5264,440,arac
photos/sensefly/EP-00-00012_0119_0026.JPG,5252,204,5472,361,arac
photos/sensefly/EP-00-00012_0119_0026.JPG,948,168,1244,404,arac
photos/sensefly/EP-00-00012_0119_0026.JPG,876,108,1216,308,arac
photos/sensefly/EP-00-00012_0119_0026.JPG,968,40,1160,148,arac
photos/sensefly/EP-00-00012_0119_0022.JPG,180,1400,520,1604,arac
photos/sensefly/EP-00-00012_0119_0022.JPG,340,1260,608,1412,arac
photos/sensefly/EP-00-00012_0119_0022.JPG,412,1136,696,1268,arac
photos/sensefly/EP-00-00012_0119_0022.JPG,532,1012,796,1140,arac
photos/sensefly/EP-00-00012_0119_0022.JPG,1416,684,1560,916,arac
photos/sensefly/EP-00-00012_0119_0022.JPG,1052,1152,1252,1388,arac
photos/sensefly/EP-00-00012_0119_0022.JPG,460,2080,580,2340,arac
photos/sensefly/EP-00-00012_0119_0022.JPG,1404,1304,1648,1440,arac
photos/sensefly/EP-00-00012_0119_0022.JPG,1132,1048,1316,1260,arac
photos/sensefly/EP-00-00012_0119_0022.JPG,1212,936,1372,1140,arac
photos/sensefly/EP-00-00012_0119_0022.JPG,1312,820,1456,1048,arac
photos/sensefly/EP-00-00012_0119_0022.JPG,1364,1048,1520,1284,arac
photos/sensefly/EP-00-00012_0119_0022.JPG,1472,892,1568,1064,arac
photos/sensefly/EP-00-00012_0119_0022.JPG,2148,100,2272,324,arac
photos/sensefly/EP-00-00012_0119_0022.JPG,2212,344,2328,572,arac
photos/sensefly/EP-00-00012_0119_0022.JPG,3152,1540,3348,1644,arac
photos/sensefly/EP-00-00012_0119_0022.JPG,2896,428,3080,536,arac
photos/sensefly/EP-00-00012_0119_0022.JPG,2896,1,3140,272,arac
photos/sensefly/EP-00-00012_0119_0022.JPG,3124,1444,3296,1536,arac
photos/sensefly/EP-00-00012_0119_0022.JPG,2984,936,3176,1028,arac
photos/sensefly/EP-00-00012_0119_0022.JPG,2904,616,3104,724,arac
photos/sensefly/EP-00-00012_0119_0022.JPG,2932,724,3124,820,arac
photos/sensefly/EP-00-00012_0119_0022.JPG,2924,816,3148,932,arac
photos/sensefly/EP-00-00012_0119_0022.JPG,3016,1024,3232,1156,arac
photos/sensefly/EP-00-00012_0119_0022.JPG,3056,1132,3264,1228,arac
photos/sensefly/EP-00-00012_0119_0022.JPG,3084,1232,3296,1344,arac
photos/sensefly/EP-00-00012_0119_0022.JPG,3124,1332,3320,1432,arac
photos/sensefly/EP-00-00012_0119_0022.JPG,4540,2584,4852,2992,arac
photos/sensefly/EP-00-00012_0119_0025.JPG,400,1256,636,1436,arac
photos/sensefly/EP-00-00012_0119_0025.JPG,448,1056,812,1280,arac
photos/sensefly/EP-00-00012_0119_0025.JPG,524,980,752,1120,arac
photos/sensefly/EP-00-00012_0119_0025.JPG,708,1944,908,2144,arac
photos/sensefly/EP-00-00012_0119_0025.JPG,908,2504,1128,2624,arac
photos/sensefly/EP-00-00012_0119_0025.JPG,924,2640,1180,2768,arac
photos/sensefly/EP-00-00012_0119_0025.JPG,904,2768,1164,2936,arac
photos/sensefly/EP-00-00012_0119_0025.JPG,788,3312,1048,3504,arac
photos/sensefly/EP-00-00012_0119_0025.JPG,2012,2944,2244,3072,arac
photos/sensefly/EP-00-00012_0119_0025.JPG,3392,3380,3550,3648,arac
photos/sensefly/EP-00-00012_0119_0025.JPG,2892,3492,3034,3648,arac
photos/sensefly/EP-00-00012_0119_0025.JPG,3028,3464,3150,3648,arac
photos/sensefly/EP-00-00012_0119_0025.JPG,3148,3432,3274,3648,arac
photos/sensefly/EP-00-00012_0119_0025.JPG,2472,2552,2592,2832,arac
photos/sensefly/EP-00-00012_0119_0025.JPG,3320,2408,3452,2624,arac
photos/sensefly/EP-00-00012_0119_0025.JPG,3428,2428,3548,2620,arac
photos/sensefly/EP-00-00012_0119_0025.JPG,3588,2408,3724,2604,arac
photos/sensefly/EP-00-00012_0119_0025.JPG,3688,2452,3808,2656,arac
photos/sensefly/EP-00-00012_0119_0025.JPG,3800,2436,3916,2652,arac
photos/sensefly/EP-00-00012_0119_0025.JPG,3900,2436,4028,2644,arac
photos/sensefly/EP-00-00012_0119_0025.JPG,1116,1348,1328,1456,arac
photos/sensefly/EP-00-00012_0119_0025.JPG,800,376,1020,536,arac
photos/sensefly/EP-00-00012_0119_0025.JPG,838,270,1058,430,arac
photos/sensefly/EP-00-00012_0119_0025.JPG,876,156,1096,316,arac
photos/sensefly/EP-00-00012_0119_0025.JPG,928,32,1186,226,arac
photos/sensefly/EP-00-00012_0119_0025.JPG,1424,68,1528,296,arac
photos/sensefly/EP-00-00012_0119_0027.JPG,2292,808,2512,948,arac
photos/sensefly/EP-00-00012_0119_0027.JPG,2172,1052,2360,1152,arac
photos/sensefly/EP-00-00012_0119_0027.JPG,1880,1552,2196,1688,arac
photos/sensefly/EP-00-00012_0119_0027.JPG,1896,1440,2236,1564,arac
photos/sensefly/EP-00-00012_0119_0027.JPG,2016,1348,2204,1436,arac
photos/sensefly/EP-00-00012_0119_0027.JPG,2068,1244,2280,1344,arac
photos/sensefly/EP-00-00012_0119_0027.JPG,2120,1140,2328,1244,arac
photos/sensefly/EP-00-00012_0119_0027.JPG,1704,2080,1944,2392,arac
photos/sensefly/EP-00-00012_0119_0027.JPG,3416,968,3620,1120,arac
photos/sensefly/EP-00-00012_0119_0027.JPG,3408,1084,3612,1216,arac
photos/sensefly/EP-00-00012_0119_0027.JPG,3432,1196,3632,1372,arac
photos/sensefly/EP-00-00012_0119_0027.JPG,4104,900,4252,1028,arac
photos/sensefly/EP-00-00012_0119_0027.JPG,4236,884,4368,1020,arac
photos/sensefly/EP-00-00012_0119_0027.JPG,3276,480,3488,596,arac
photos/sensefly/EP-00-00012_0119_0027.JPG,2716,332,2924,448,arac
photos/sensefly/EP-00-00012_0119_0027.JPG,2768,208,2976,324,arac
photos/sensefly/EP-00-00012_0119_0027.JPG,4392,200,4596,328,arac
photos/sensefly/EP-00-00012_0119_0027.JPG,3672,492,3900,620,arac
photos/sensefly/EP-00-00012_0119_0027.JPG,4080,516,4272,620,arac
photos/sensefly/EP-00-00012_0119_0027.JPG,4432,516,4656,628,arac
photos/sensefly/EP-00-00012_0119_0027.JPG,4672,528,4860,636,arac
photos/sensefly/EP-00-00012_0119_0027.JPG,3856,2252,3972,2396,arac
photos/sensefly/EP-00-00012_0119_0027.JPG,4464,840,4620,1036,arac
photos/sensefly/EP-00-00012_0119_0027.JPG,4552,744,4696,936,arac
photos/sensefly/EP-00-00012_0119_0027.JPG,4692,808,4848,1024,arac
photos/sensefly/EP-00-00012_0119_0027.JPG,3632,828,3688,920,yaya
photos/sensefly/EP-00-00012_0119_0031.JPG,1,53,353,277,arac
photos/sensefly/EP-00-00012_0119_0031.JPG,349,792,807,1000,arac
photos/sensefly/EP-00-00012_0119_0031.JPG,5049,2458,5211,2642,arac
photos/sensefly/EP-00-00012_0119_0031.JPG,5299,2227,5430,2446,arac
photos/sensefly/EP-00-00012_0119_0046.JPG,2076,1692,2322,1823,arac
photos/sensefly/EP-00-00012_0119_0046.JPG,2411,1681,2642,1811,arac
photos/sensefly/EP-00-00012_0119_0046.JPG,1146,1773,1438,1900,arac
photos/sensefly/EP-00-00012_0119_0046.JPG,1719,2322,1992,2468,arac
photos/sensefly/EP-00-00012_0119_0046.JPG,1772,2573,1976,2696,arac
photos/sensefly/EP-00-00012_0119_0046.JPG,1792,2712,2011,2808,arac
photos/sensefly/EP-00-00012_0119_0046.JPG,1738,2838,1992,2938,arac
photos/sensefly/EP-00-00012_0119_0046.JPG,1768,2973,2026,3065,arac
photos/sensefly/EP-00-00012_0119_0046.JPG,1760,3093,2010,3212,arac
photos/sensefly/EP-00-00012_0119_0046.JPG,1799,3215,2011,3315,arac
photos/sensefly/EP-00-00012_0119_0046.JPG,1784,3342,2026,3469,arac
photos/sensefly/EP-00-00012_0119_0046.JPG,1788,3492,2026,3596,arac
photos/sensefly/EP-00-00012_0119_0046.JPG,776,2277,1053,2396,arac
photos/sensefly/EP-00-00012_0119_0046.JPG,218,2312,472,2438,arac
photos/sensefly/EP-00-00012_0119_0046.JPG,203,2697,496,2816,arac
photos/sensefly/EP-00-00012_0119_0046.JPG,207,2954,445,3077,arac
photos/sensefly/EP-00-00012_0119_0046.JPG,200,3346,511,3461,arac
photos/sensefly/EP-00-00012_0119_0046.JPG,215,3478,507,3601,arac
photos/sensefly/EP-00-00012_0119_0046.JPG,807,2419,1080,2515,arac
photos/sensefly/EP-00-00012_0119_0046.JPG,842,2515,1080,2642,arac
photos/sensefly/EP-00-00012_0119_0046.JPG,853,2658,1103,2762,arac
photos/sensefly/EP-00-00012_0119_0046.JPG,849,2781,1103,2908,arac
photos/sensefly/EP-00-00012_0119_0046.JPG,857,3046,1111,3146,arac
photos/sensefly/EP-00-00012_0119_0046.JPG,834,3173,1099,3288,arac
photos/sensefly/EP-00-00012_0119_0046.JPG,826,3304,1095,3408,arac
photos/sensefly/EP-00-00012_0119_0046.JPG,857,3435,1088,3527,arac
photos/sensefly/EP-00-00012_0119_0046.JPG,842,3573,1085,3648,arac
photos/sensefly/EP-00-00012_0119_0046.JPG,1095,2392,1303,2504,arac
photos/sensefly/EP-00-00012_0119_0046.JPG,1149,2638,1403,2738,arac
photos/sensefly/EP-00-00012_0119_0046.JPG,1161,2765,1384,2873,arac
photos/sensefly/EP-00-00012_0119_0046.JPG,1134,2888,1384,3004,arac
photos/sensefly/EP-00-00012_0119_0046.JPG,1142,3015,1388,3138,arac
photos/sensefly/EP-00-00012_0119_0046.JPG,1153,3154,1403,3242,arac
photos/sensefly/EP-00-00012_0119_0046.JPG,1134,3261,1403,3392,arac
photos/sensefly/EP-00-00012_0119_0046.JPG,1142,3419,1384,3535,arac
photos/sensefly/EP-00-00012_0119_0046.JPG,1130,3558,1376,3646,arac
photos/sensefly/EP-00-00012_0119_0033.JPG,4084,2585,4257,2854,arac
photos/sensefly/EP-00-00012_0119_0033.JPG,3965,2658,4134,2946,arac
photos/sensefly/EP-00-00012_0119_0033.JPG,3842,2750,4030,3004,arac
photos/sensefly/EP-00-00012_0119_0033.JPG,3622,2938,3768,3196,arac
photos/sensefly/EP-00-00012_0119_0033.JPG,118,2058,511,2385,arac
photos/sensefly/EP-00-00012_0119_0033.JPG,630,2208,1268,2715,arac
photos/sensefly/EP-00-00012_0119_0033.JPG,5157,2696,5415,2919,arac
photos/sensefly/EP-00-00012_0119_0033.JPG,4988,3188,5207,3488,arac
photos/sensefly/EP-00-00012_0119_0033.JPG,4442,885,4788,1169,arac
photos/sensefly/EP-00-00012_0119_0033.JPG,4530,677,4949,1073,arac
photos/sensefly/EP-00-00012_0119_0033.JPG,4926,1850,5088,2062,arac
photos/sensefly/EP-00-00012_0119_0033.JPG,5184,1577,5361,1850,arac
photos/sensefly/EP-00-00012_0119_0033.JPG,4711,1319,5211,1788,arac
photos/sensefly/EP-00-00012_0119_0037.JPG,3849,1115,4038,1335,arac
photos/sensefly/EP-00-00012_0119_0037.JPG,3888,345,4199,684,arac
photos/sensefly/EP-00-00012_0119_0037.JPG,4103,119,4284,308,arac
photos/sensefly/EP-00-00012_0119_0037.JPG,3280,1958,3457,2165,arac
photos/sensefly/EP-00-00012_0119_0037.JPG,3449,2092,3642,2312,arac
photos/sensefly/EP-00-00012_0119_0037.JPG,3238,3542,3457,3648,arac
photos/sensefly/EP-00-00012_0119_0037.JPG,2911,3408,3115,3619,arac
photos/sensefly/EP-00-00012_0119_0037.JPG,161,3431,288,3631,arac
photos/sensefly/EP-00-00012_0119_0037.JPG,272,3527,381,3648,arac
photos/sensefly/EP-00-00012_0119_0035.JPG,2607,1088,2822,1250,arac
photos/sensefly/EP-00-00012_0119_0035.JPG,2657,1008,2845,1138,arac
photos/sensefly/EP-00-00012_0119_0035.JPG,2507,931,2672,1115,arac
photos/sensefly/EP-00-00012_0119_0035.JPG,2307,915,2511,1062,arac
photos/sensefly/EP-00-00012_0119_0035.JPG,2376,712,2607,865,arac
photos/sensefly/EP-00-00012_0119_0035.JPG,1788,627,1992,796,arac
photos/sensefly/EP-00-00012_0119_0035.JPG,1926,1427,2130,1592,arac
photos/sensefly/EP-00-00012_0119_0035.JPG,2011,1612,2738,2142,arac
photos/sensefly/EP-00-00012_0119_0035.JPG,1945,1815,2668,2350,arac
photos/sensefly/EP-00-00012_0119_0035.JPG,2011,2123,2511,2469,arac
photos/sensefly/EP-00-00012_0119_0035.JPG,1603,2212,2342,2773,arac
photos/sensefly/EP-00-00012_0119_0035.JPG,1218,2565,1930,3119,arac
photos/sensefly/EP-00-00012_0119_0035.JPG,2776,3304,3185,3648,arac
photos/sensefly/EP-00-00012_0119_0035.JPG,5145,2988,5295,3288,arac
photos/sensefly/EP-00-00012_0119_0035.JPG,5276,3073,5422,3346,arac
photos/sensefly/EP-00-00012_0119_0035.JPG,2776,785,2961,950,arac
photos/sensefly/EP-00-00012_0119_0035.JPG,2476,596,2680,754,arac
photos/sensefly/EP-00-00012_0119_0035.JPG,1984,335,2188,527,arac
photos/sensefly/EP-00-00012_0119_0035.JPG,1699,373,1926,492,arac
photos/sensefly/EP-00-00012_0119_0035.JPG,1603,88,1811,296,arac
photos/sensefly/EP-00-00012_0119_0035.JPG,1938,146,2134,258,arac
photos/sensefly/EP-00-00012_0119_0035.JPG,1957,35,2176,154,arac
photos/sensefly/EP-00-00012_0119_0035.JPG,3838,446,4011,646,arac
photos/sensefly/EP-00-00012_0119_0035.JPG,3934,496,4103,685,arac
photos/sensefly/EP-00-00012_0119_0035.JPG,4053,539,4219,746,arac
photos/sensefly/EP-00-00012_0119_0035.JPG,4176,566,4314,747,arac
photos/sensefly/EP-00-00012_0119_0035.JPG,4280,592,4407,823,arac
photos/sensefly/EP-00-00012_0119_0035.JPG,788,1296,972,1462,arac
photos/sensefly/EP-00-00012_0119_0035.JPG,1495,1611,1676,1780,arac
photos/sensefly/EP-00-00012_0119_0035.JPG,1665,1908,1868,2069,arac
photos/sensefly/EP-00-00012_0119_0035.JPG,822,1188,1018,1346,arac
photos/sensefly/EP-00-00012_0119_0049.JPG,776,215,938,354,arac
photos/sensefly/EP-00-00012_0119_0049.JPG,930,62,1230,235,arac
photos/sensefly/EP-00-00012_0119_0049.JPG,322,442,549,581,arac
photos/sensefly/EP-00-00012_0119_0049.JPG,188,550,376,658,arac
photos/sensefly/EP-00-00012_0119_0049.JPG,88,738,230,900,arac
photos/sensefly/EP-00-00012_0119_0049.JPG,7,800,142,977,arac
photos/sensefly/EP-00-00012_0119_0038.JPG,4499,3062,4814,3365,arac
photos/sensefly/EP-00-00012_0119_0038.JPG,4818,2881,5022,3062,arac
photos/sensefly/EP-00-00012_0119_0038.JPG,5338,2554,5472,2705,arac
photos/sensefly/EP-00-00012_0119_0032.JPG,1861,877,2015,1127,arac
photos/sensefly/EP-00-00012_0119_0032.JPG,2061,708,2203,946,arac
photos/sensefly/EP-00-00012_0119_0032.JPG,2180,612,2345,865,arac
photos/sensefly/EP-00-00012_0119_0032.JPG,2261,523,2430,765,arac
photos/sensefly/EP-00-00012_0119_0032.JPG,3226,646,3411,835,arac
photos/sensefly/EP-00-00012_0119_0032.JPG,2465,1723,2588,1942,arac
photos/sensefly/EP-00-00012_0119_0032.JPG,2372,1785,2476,1969,arac
photos/sensefly/EP-00-00012_0119_0032.JPG,2230,1865,2361,2077,arac
photos/sensefly/EP-00-00012_0119_0032.JPG,2118,1915,2238,2104,arac
photos/sensefly/EP-00-00012_0119_0032.JPG,2003,1969,2161,2173,arac
photos/sensefly/EP-00-00012_0119_0032.JPG,1895,2050,2049,2246,arac
photos/sensefly/EP-00-00012_0119_0032.JPG,4122,277,4299,485,arac
photos/sensefly/EP-00-00012_0119_0032.JPG,5211,1181,5407,1300,arac
photos/sensefly/EP-00-00012_0119_0032.JPG,5180,1338,5472,1500,arac
photos/sensefly/EP-00-00012_0119_0032.JPG,5284,1450,5472,1577,arac
photos/sensefly/EP-00-00012_0119_0032.JPG,3084,1054,3261,1319,arac
photos/sensefly/EP-00-00012_0119_0034.JPG,811,758,1276,1154,arac
photos/sensefly/EP-00-00012_0119_0034.JPG,3811,2692,4276,2873,arac
photos/sensefly/EP-00-00012_0119_0034.JPG,3088,946,3226,1135,arac
photos/sensefly/EP-00-00012_0119_0034.JPG,3180,1035,3315,1192,arac
photos/sensefly/EP-00-00012_0119_0034.JPG,3261,1131,3380,1292,arac
photos/sensefly/EP-00-00012_0119_0034.JPG,3334,1165,3476,1346,arac
photos/sensefly/EP-00-00012_0119_0034.JPG,3422,1258,3549,1454,arac
photos/sensefly/EP-00-00012_0119_0034.JPG,3515,1312,3664,1504,arac
photos/sensefly/EP-00-00012_0119_0034.JPG,3626,1385,3764,1562,arac
photos/sensefly/EP-00-00012_0119_0034.JPG,3699,1427,3880,1638,arac
photos/sensefly/EP-00-00012_0119_0034.JPG,3788,1504,3950,1704,arac
photos/sensefly/EP-00-00012_0119_0034.JPG,3899,1600,4057,1788,arac
photos/sensefly/EP-00-00012_0119_0034.JPG,4722,1435,4915,1623,arac
photos/sensefly/EP-00-00012_0119_0034.JPG,4530,1262,4722,1458,arac
photos/sensefly/EP-00-00012_0119_0034.JPG,4461,3092,4595,3327,arac
photos/sensefly/EP-00-00012_0119_0034.JPG,4342,3208,4499,3423,arac
photos/sensefly/EP-00-00012_0119_0034.JPG,4249,3296,4380,3519,arac
photos/sensefly/EP-00-00012_0119_0034.JPG,4180,3377,4295,3585,arac
photos/sensefly/EP-00-00012_0119_0034.JPG,4034,3442,4176,3648,arac
photos/sensefly/EP-00-00012_0119_0034.JPG,3395,2862,3707,3158,arac
photos/sensefly/EP-00-00012_0119_0034.JPG,4007,2369,4411,2542,arac
photos/sensefly/EP-00-00012_0119_0036.JPG,1592,935,1842,1104,arac
photos/sensefly/EP-00-00012_0119_0036.JPG,1861,812,2088,973,arac
photos/sensefly/EP-00-00012_0119_0036.JPG,2161,1012,2365,1150,arac
photos/sensefly/EP-00-00012_0119_0036.JPG,2034,1073,2238,1219,arac
photos/sensefly/EP-00-00012_0119_0036.JPG,1972,1173,2180,1323,arac
photos/sensefly/EP-00-00012_0119_0036.JPG,1588,1288,1845,1446,arac
photos/sensefly/EP-00-00012_0119_0036.JPG,1907,1385,2095,1635,arac
photos/sensefly/EP-00-00012_0119_0036.JPG,1692,1500,1865,1715,arac
photos/sensefly/EP-00-00012_0119_0036.JPG,826,2442,1011,2654,arac
photos/sensefly/EP-00-00012_0119_0036.JPG,1365,2450,1549,2677,arac
photos/sensefly/EP-00-00012_0119_0036.JPG,884,2815,1088,3027,arac
photos/sensefly/EP-00-00012_0119_0036.JPG,268,2100,457,2300,arac
photos/sensefly/EP-00-00012_0119_0036.JPG,192,1731,365,1954,arac
photos/sensefly/EP-00-00012_0119_0036.JPG,295,1685,457,1850,arac
photos/sensefly/EP-00-00012_0119_0036.JPG,1972,2104,2157,2338,arac
photos/sensefly/EP-00-00012_0119_0036.JPG,2180,1969,2349,2188,arac
photos/sensefly/EP-00-00012_0119_0036.JPG,2430,2335,2568,2546,arac
photos/sensefly/EP-00-00012_0119_0036.JPG,2299,2354,2472,2588,arac
photos/sensefly/EP-00-00012_0119_0036.JPG,2138,2265,2318,2423,arac
photos/sensefly/EP-00-00012_0119_0036.JPG,2203,2442,2384,2650,arac
photos/sensefly/EP-00-00012_0119_0036.JPG,2957,2723,3238,2988,arac
photos/sensefly/EP-00-00012_0119_0036.JPG,3549,2442,3757,2646,arac
photos/sensefly/EP-00-00012_0119_0036.JPG,3649,2512,3845,2735,arac
photos/sensefly/EP-00-00012_0119_0036.JPG,3668,2619,3895,2812,arac
photos/sensefly/EP-00-00012_0119_0036.JPG,3788,2704,3980,2904,arac
photos/sensefly/EP-00-00012_0119_0036.JPG,3884,2792,4038,2973,arac
photos/sensefly/EP-00-00012_0119_0036.JPG,1330,2762,1953,3508,arac
photos/sensefly/EP-00-00012_0119_0036.JPG,1192,2919,1781,3648,arac
photos/sensefly/EP-00-00012_0119_0050.JPG,5072,177,5368,435,arac
photos/sensefly/EP-00-00012_0119_0050.JPG,4530,131,4657,350,arac
photos/sensefly/EP-00-00012_0119_0050.JPG,4621,227,4748,450,arac
photos/sensefly/EP-00-00012_0119_0050.JPG,4722,358,4838,562,arac
photos/sensefly/EP-00-00012_0119_0050.JPG,4876,542,5015,804,arac
photos/sensefly/EP-00-00012_0119_0050.JPG,4964,673,5126,904,arac
photos/sensefly/EP-00-00012_0119_0050.JPG,753,1142,953,1292,arac
photos/sensefly/EP-00-00012_0119_0050.JPG,1492,708,1684,862,arac
photos/sensefly/EP-00-00012_0119_0050.JPG,1407,531,1618,677,arac
photos/sensefly/EP-00-00012_0119_0050.JPG,345,1611,649,1815,arac
photos/sensefly/EP-00-00012_0119_0050.JPG,176,1804,349,1919,arac
photos/sensefly/EP-00-00012_0119_0055.JPG,3784,1896,4122,2419,arac
photos/sensefly/EP-00-00012_0119_0055.JPG,3457,3065,3772,3648,arac
photos/sensefly/EP-00-00012_0119_0055.JPG,26,1292,184,1519,arac
photos/sensefly/EP-00-00012_0119_0055.JPG,295,1292,457,1469,arac
photos/sensefly/EP-00-00012_0119_0055.JPG,1211,1185,1384,1431,arac
photos/sensefly/EP-00-00012_0119_0055.JPG,1349,1188,1480,1392,arac
photos/sensefly/EP-00-00012_0119_0055.JPG,1461,1196,1618,1423,arac
photos/sensefly/EP-00-00012_0119_0055.JPG,1723,1188,1895,1419,arac
photos/sensefly/EP-00-00012_0119_0055.JPG,618,669,838,788,arac
photos/sensefly/EP-00-00012_0119_0055.JPG,1022,373,1192,604,arac
photos/sensefly/EP-00-00012_0119_0055.JPG,1888,366,2007,539,arac
photos/sensefly/EP-00-00012_0119_0055.JPG,1976,381,2107,573,arac
photos/sensefly/EP-00-00012_0119_0055.JPG,2134,385,2249,566,arac
photos/sensefly/EP-00-00012_0119_0055.JPG,2234,427,2357,604,arac
photos/sensefly/EP-00-00012_0119_0055.JPG,2338,427,2453,623,arac
photos/sensefly/EP-00-00012_0119_0055.JPG,2427,454,2584,634,arac
photos/sensefly/EP-00-00012_0119_0054.JPG,3142,1012,3592,1700,arac
photos/sensefly/EP-00-00012_0119_0054.JPG,3765,1627,4053,1973,arac
photos/sensefly/EP-00-00012_0119_0054.JPG,3961,1585,4311,2019,arac
photos/sensefly/EP-00-00012_0119_0054.JPG,5168,3396,5372,3577,arac
photos/sensefly/EP-00-00012_0119_0054.JPG,5203,3312,5426,3496,arac
photos/sensefly/EP-00-00012_0119_0054.JPG,5268,3204,5457,3381,arac
photos/sensefly/EP-00-00012_0119_0054.JPG,5334,3112,5472,3263,arac
photos/sensefly/EP-00-00012_0119_0054.JPG,5099,3492,5313,3648,arac
photos/sensefly/EP-00-00012_0119_0109.JPG,3568,1723,3703,1977,arac
photos/sensefly/EP-00-00012_0119_0109.JPG,4265,1666,4400,1889,arac
photos/sensefly/EP-00-00012_0119_0109.JPG,3765,1508,4022,1627,arac
photos/sensefly/EP-00-00012_0119_0109.JPG,3761,1338,4015,1473,arac
photos/sensefly/EP-00-00012_0119_0110.JPG,2257,1665,2407,1919,arac
photos/sensefly/EP-00-00012_0119_0110.JPG,3045,3277,3268,3412,arac
photos/sensefly/EP-00-00012_0119_0110.JPG,3057,3469,3318,3608,arac
photos/sensefly/EP-00-00012_0119_0051.JPG,1901,1,2053,169,arac
photos/sensefly/EP-00-00012_0119_0051.JPG,2033,1,2134,115,arac
photos/sensefly/EP-00-00012_0119_0051.JPG,2129,1,2249,119,arac
photos/sensefly/EP-00-00012_0119_0051.JPG,2267,1,2349,92,arac
photos/sensefly/EP-00-00012_0119_0051.JPG,2184,81,2380,231,arac
photos/sensefly/EP-00-00012_0119_0051.JPG,2315,219,2457,423,arac
photos/sensefly/EP-00-00012_0119_0051.JPG,2930,81,3080,285,arac
photos/sensefly/EP-00-00012_0119_0051.JPG,3407,212,3549,435,arac
photos/sensefly/EP-00-00012_0119_0051.JPG,3811,673,3945,865,arac
photos/sensefly/EP-00-00012_0119_0051.JPG,3807,992,3949,1219,arac
photos/sensefly/EP-00-00012_0119_0051.JPG,3707,1054,3834,1269,arac
photos/sensefly/EP-00-00012_0119_0051.JPG,2353,1054,2580,1250,arac
photos/sensefly/EP-00-00012_0119_0051.JPG,2015,1073,2195,1235,arac
photos/sensefly/EP-00-00012_0119_0051.JPG,2253,1381,2484,1504,arac
photos/sensefly/EP-00-00012_0119_0051.JPG,1968,1435,2215,1558,arac
photos/sensefly/EP-00-00012_0119_0051.JPG,1799,1181,1992,1342,arac
photos/sensefly/EP-00-00012_0119_0051.JPG,2118,300,2242,500,arac
photos/sensefly/EP-00-00012_0119_0051.JPG,1995,319,2111,508,arac
photos/sensefly/EP-00-00012_0119_0051.JPG,3949,2554,4103,2758,arac
photos/sensefly/EP-00-00012_0119_0051.JPG,3988,2708,4172,2896,arac
photos/sensefly/EP-00-00012_0119_0051.JPG,4049,2831,4191,3008,arac
photos/sensefly/EP-00-00012_0119_0051.JPG,4153,3085,4342,3273,arac
photos/sensefly/EP-00-00012_0119_0051.JPG,4192,3250,4376,3454,arac
photos/sensefly/EP-00-00012_0119_0051.JPG,4434,2812,4742,3031,arac
photos/sensefly/EP-00-00012_0119_0051.JPG,4599,3112,4842,3235,arac
photos/sensefly/EP-00-00012_0119_0051.JPG,784,2188,1011,2308,arac
photos/sensefly/EP-00-00012_0119_0051.JPG,742,1977,984,2089,arac
photos/sensefly/EP-00-00012_0119_0003.JPG,108,761,396,975,arac
photos/sensefly/EP-00-00012_0119_0003.JPG,0,1393,298,1642,arac
photos/sensefly/EP-00-00012_0119_0003.JPG,0,1058,392,1338,arac
photos/sensefly/EP-00-00012_0119_0003.JPG,325,3434,538,3648,arac
photos/sensefly/EP-00-00012_0119_0003.JPG,53,2439,246,2668,arac
photos/sensefly/EP-00-00012_0119_0003.JPG,260,2183,430,2392,arac
photos/sensefly/EP-00-00012_0119_0003.JPG,436,1970,613,2183,arac
photos/sensefly/EP-00-00012_0119_0003.JPG,511,1867,700,2076,arac
photos/sensefly/EP-00-00012_0119_0003.JPG,621,1717,799,1942,arac
photos/sensefly/EP-00-00012_0119_0003.JPG,969,2353,1131,2570,arac
photos/sensefly/EP-00-00012_0119_0003.JPG,321,3,546,134,arac
photos/sensefly/EP-00-00012_0119_0003.JPG,582,86,811,232,arac
photos/sensefly/EP-00-00012_0119_0003.JPG,1289,2791,1458,3012,arac
photos/sensefly/EP-00-00012_0119_0003.JPG,2662,3446,2903,3608,arac
photos/sensefly/EP-00-00012_0119_0003.JPG,1747,3371,1924,3565,arac
photos/sensefly/EP-00-00012_0119_0003.JPG,1379,2886,1561,3083,arac
photos/sensefly/EP-00-00012_0119_0003.JPG,1458,2968,1668,3178,arac
